{
"A": 0.620998,
"B": 0.745011,
"C": 0.693016,
"D": 0.656009,
"E": 0.635011,
"F": 0.859002,
"G": 0.570998,
"H": 0.789002,
"I": 0.680000,
"J": 0.913016,
"K": 0.712993,
"L": 0.668980,
"M": 0.540000,
"N": 0.878005,
"O": 0.681995,
"P": 0.593991,
"Q": 0.696984,
"R": 0.805986,
"S": 0.831995,
"T": 0.810000,
"U": 0.900998,
"V": 0.753016,
"W": 0.719002,
"X": 0.770000,
"Y": 0.715011,
"Z": 0.740998
}
